{"preview":false,"result":{"Date Published":"2021-08-10T15:04:31","Title":"Italy tourists must provide proof of vaccination or negative test to access attractions","Publisher":"The Independent","Keywords":["italy","tourists","covid19","proof","exempt","provide","pass","negative","green","vaccination","tests","outdoor","following","test","million","access","attractions"],"Summary":"Italy now requires tourists to show a “green pass” - demonstrating proof of vaccination, a recent negative test or recovery from Covid - to access attractions and hospitality venues across the country.\nVenues requiring the green pass for entry include bars, restaurants and cafes.\nChildren under the age of 12 are exempt from green pass rules.\nItaly does not recognise NHS vaccine certificates, leaving British visitors with no option but to complete Covid-19 tests during their stay in order to access indoor hospitality and culture and leisure attractions.\nFrom 1 September the green pass will also be required on planes, ships, intercity trains and long-distance bus services.","News":"Italy now requires tourists to show a “green pass” - demonstrating proof of vaccination, a recent negative test or recovery from Covid - to access attractions and hospitality venues across the country.\n\nVenues requiring the green pass for entry include bars, restaurants and cafes. Outdoor drinking and dining are exempt.\n\nGreen passes, which can be displayed on a smart phone or presented in paper form, are available to those who can show evidence of one of the following: being fully vaccinated against Covid-19; having tested negative for the virus within the previous 48 hours; having recovered from Covid-19 in the last six months.\n\nChildren under the age of 12 are exempt from green pass rules.\n\nVaccine certificates issued by other EU and Schengen area nations are valid in Italy, as are those issued by the US, Canada, Japan and Israel.\n\nItaly does not recognise NHS vaccine certificates, leaving British visitors with no option but to complete Covid-19 tests during their stay in order to access indoor hospitality and culture and leisure attractions.\n\nUntil 30 August, travellers from the UK must isolate for five days following arrival in Italy.\n\nAt the end of this period they must take a rapid antigenic or molecular swab test and receive a negative result for release.\n\nThese rules are currently under review.\n\nThe new green pass rule, which came into force on 6 August, covers entry to the following: food and drink establishments, when customers are sitting inside; cultural and sports events; museums and other cultural institutions (outdoor settings are exempt); swimming pools, gyms, sports halls, spas, including those within hotels (outdoor activities are exempt); trade fairs and conferences; theme parks; and betting shops, bingo halls and casinos.\n\nFrom 1 September the green pass will also be required on planes, ships, intercity trains and long-distance bus services.\n\nAround 50 million of Italy's 60 million residents had downloaded the certification by late July, according to USA Today, which also reported that at Pompeii, one of Italy’s most visited tourist attractions, officials were partnering with the City of Naples to offer free Covid-19 tests during opening hours.\n\nGabriel Zuchtriegel, Pompeii's director general, told the newspaper: “It’s the task of those who manage a culture site to reconcile as best as possible the needs of health and public safety with our mission to be an inclusive place.”","Article Link":"https://www.independent.co.uk/travel/news-and-advice/italy-green-pass-travel-vaccine-passport-b1900149.html"}}
{"preview":false,"result":{"Date Published":"2021-08-08T00:00:00","Title":"The Guardian view on French Covid pass protesters: attention must be paid | Editorial","Publisher":"the Guardian","Keywords":["guardian","pass","attention","protests","public","french","political","view","editorial","macron","health","protesters","mr","paid","concerns","covid","vaccination"],"Summary":"The constitutional court ruled on Thursday that the pass represented a “balanced trade-off” between public health concerns and individual freedom.\nHaving generally taken popular opinion with him, Mr Macron is entitled to consider the policy a success.\nThe French protests have drawn support from the hard left, as well as the hard right.\nIn an interview last week, an exasperated Mr Macron said the attitude of the demonstrators was “a threat to democracy.\nThe French protests are a warning that this may not be easy.","News":"By French standards, the protests which have now taken place across the country on four consecutive weekends have not been huge. On Saturday, an estimated 230,000 marchers filled streets and squares to oppose a new Covid pass which will be required from Monday. Two years ago, by comparison, nearly four times as many turned out to contest President Emmanuel Macron’s proposed pension reforms. Polls indicate that a large majority of French citizens back the new regulations, which mean that visitors to restaurants and other public settings must show proof of vaccination or a negative test. The rules will also make jabs mandatory for health workers and those in some other professions.\n\nSince Mr Macron signalled his intent to move in this direction last month, Europe has been following suit, although, in England, Boris Johnson has preferred to wait. Germany plans to bring in similar measures within weeks. Italy rolled out its “green pass” on Friday. The public health benefits of increasing vaccination rates and making social contexts as safe as possible are unarguable. Since the Covid pass was announced amid concerns over the spread of the Delta variant, France’s vaccination rate has boomed. Well over 60% of those over the age of 12 have now had a first jab. The constitutional court ruled on Thursday that the pass represented a “balanced trade-off” between public health concerns and individual freedom. Having generally taken popular opinion with him, Mr Macron is entitled to consider the policy a success. But there are good reasons for him – and other European leaders – to pay close attention to the nature of the ongoing dissent.\n\nConspiracy theorists and eccentric libertarians certainly populate the fringes of the anti-pass movement in France and elsewhere. But as the digital age extends its reach ever more deeply into our private lives, legitimate concerns over an intrusive surveillance society should be respected and addressed. And the discontent has shown that the kind of resentment and alienation that sparked political upheavals across Europe in recent years have not gone away.\n\nThe French protests have drawn support from the hard left, as well as the hard right. More broadly, they have galvanised the same disillusioned constituency that began a prolonged insurgency against Mr Macron’s rule in 2018. The gilets jaunes movement followed the imposition of a fuel tax rise, but quickly morphed into a general and sometimes violent challenge to established elites and centres of political power. The anti-passers, while focused on the theme of individual liberty, draw from the same deep well of suspicion and mistrust in the motives of the powerful. In an interview last week, an exasperated Mr Macron said the attitude of the demonstrators was “a threat to democracy. They mix up everything. A few tens of thousands of people have lost their minds to such an extent that they are capable of saying we live in a dictatorship.” But polls indicate that around a third of French people are sympathetic to the protests. A disturbingly large minority appears to have lost faith in the political class, as evidenced by the remarkable levels of abstention in recent local elections.\n\nCovid, hopefully, will recede as a threat. But as states and governments attempt the vital transition to net zero carbon emissions, the buy-in and trust of all citizens will be essential as everyday life is profoundly disrupted. The French protests are a warning that this may not be easy.","Article Link":"http://www.theguardian.com/commentisfree/2021/aug/08/the-guardian-view-on-french-covid-pass-protesters-attention-must-be-paid"}}
{"preview":false,"result":{"Date Published":"2021-08-06T00:00:00","Title":"‘It is a bit annoying’: Italy’s Covid pass restrictions kick in","Authors":["Angela Giuffrida","Kim Willsher"],"Publisher":"the Guardian","Keywords":["vaccinated","yes","covid","restrictions","kick","bit","bar","information","italys","pass","contact","green","vaccine","guardian","optional","annoying"],"Summary":"People can still drink coffee and eat a cornetto, a type of croissant, while standing at the bar or sitting at an outside table without needing to present a so-called green pass.\n“You have to eat it outside.”The woman left without any fuss, as did another customer who did not have the pass.\n“It is a bit annoying having to do this as it’s essentially another job,” Di Sirio said.\nItaly’s green pass takes effect as the country scrambles to contain the spread of the Delta variant.\n“So in such a situation, I believe the green pass is the only alternative.","News":"The ritual of coffee and breakfast at the bar in Italy has become slightly more complicated as restrictions on unvaccinated citizens kicked in.\n\nPeople can still drink coffee and eat a cornetto, a type of croissant, while standing at the bar or sitting at an outside table without needing to present a so-called green pass. But not if they are seated inside.\n\n“But Madam, you can’t eat your croissant inside without a green pass,” Pasquale Di Sirio, the owner of a bar in Rome’s Esquilino district, could be overheard telling a customer early on Friday morning. “You have to eat it outside.”\n\nThe woman left without any fuss, as did another customer who did not have the pass.\n\n“It is a bit annoying having to do this as it’s essentially another job,” Di Sirio said. “On top of that, I also need to download an app which you use to check if a customer’s green pass is valid or not – but really, it is not my job to check people’s documents.”\n\nThe pass, which is an extension of the EU’s digital Covid certificate, is required to be served indoors at restaurants and to enter stadiums, museums, theatres, cinemas, exhibition centres, swimming pools and gyms.\n\nFrom 1 September, the pass will be mandatory for teachers and university students and to travel on trains, planes, ferries and long-distance coaches.\n\nIt is available to those who have had at least one vaccine dose and to anyone who has recently recovered from Covid-19 or who presents proof of a negative test before accessing any of the activities under restriction.\n\nIn the days leading up to the pass becoming mandatory, some bar and restaurant owners reported being insulted and threatened by anti-vaxxers, or having had bad reviews written about their premises on Tripadvisor, after they warned customers about the requirement.\n\nWhile there have been some protests across Italy since the pass was announced in July, the reaction has not been on the same scale as in France, where a similar initiative led to demonstrations with about 300,000 people taking to the streets in recent weeks. France’s constitutional court on Friday approved extending the requirement of the country’s health pass for bars and restaurants and to travel long distance by train or coach.\n\nAn anti-vaccine protest in Paris on Thursday. Photograph: Benoît Tessier/Reuters\n\n“It isn’t very nice having to ask customers for the pass, but we have no choice,” said Andreina, another Rome bar owner. “And if it encourages people to get vaccinated and we avoid another lockdown, then it’s a good thing.”\n\nThe Italian prime minister, Mario Draghi, urged all Italians to get vaccinated when announcing the plan in July. “Without vaccinations, we’d have to close everything again,” he said.\n\nThe initiative provoked an immediate boost in the number of people booking vaccines. As of Friday, more than 62% of the population aged 12 and over had been fully vaccinated. In France, more than 7 million people have had their first inoculation since the president, Emmanuel Macron, announced the health pass on 12 July.\n\nItaly’s green pass takes effect as the country scrambles to contain the spread of the Delta variant. Infections rose to 7,230 on Thursday, up from 6,596 on the previous day, while there were 27 coronavirus-related deaths. Italy has registered 128,163 Covid-19 deaths since the beginning of the pandemic – the second-highest toll in Europe after the UK and the eight highest in the world.\n\nShare your story Share your stories If you have been affected or have any information, we'd like to hear from you. You can get in touch by filling in the form below, anonymously if you wish or contact us via WhatsApp by clicking here or adding the contact +44(0)7766780300. Only the Guardian can see your contributions and one of our journalists may contact you to discuss further. Tell us Share your experiences here Name You do not need to use your full name Where do you live? Town or area is fine You can upload a photo here if you think it will add to your story Optional We accept images and pdfs. Maximum total file size: 6MB You can upload another photo or video here Optional We accept images and pdfs. Maximum total file size: 6MB Can we publish your response? Yes, entirely Yes, but please keep me anonymous Yes, but please contact me first No, this is information only Are you contacting us because you read a Guardian article? If so which one? Email address Your contact details are helpful so we can contact you for more information. They will only be seen by the Guardian. Phone number Optional Your contact details are helpful so we can contact you for more information. They will only be seen by the Guardian. You can add any extra information here Optional Share with the Guardian Terms and conditions\n\n“If, say, we had the vaccines and the green pass in March or April, I probably wouldn’t have had to close,” said Valentina Santanicchio, who runs Capitano del Popolo restaurant in the Umbrian town of Orvieto. “So in such a situation, I believe the green pass is the only alternative. I also think the vaccine is the only chance we have. I honestly don’t understand the protests.”\n\nThe Italian government is also striving to ensure students and teachers can safely return to class in September after months of remote learning.\n\n“I’ve had my vaccine and am strongly in favour of being vaccinated, but I disagree with the idea that if you don’t have the green pass then you can’t teach,” said Annalisa Distasi, a teacher in Umbria. “I think perhaps the priority ought to be getting students vaccinated.”","Article Link":"http://www.theguardian.com/world/2021/aug/06/italy-covid-green-pass-restrictions-kick-in-france"}}
{"preview":false,"result":{"Date Published":"2021-08-04T00:00:00","Title":"Which countries are vaccinating minors against Covid?","Authors":["Jon Henley","Ashifa Kassam","Kate Connolly","Angela Giuffrida"],"Publisher":"the Guardian","Keywords":["vaccinating","contact","vaccine","countries","covid","12","photograph","week","vaccination","health","vaccinated","teenagers","minors","children"],"Summary":"“Imagine a blockbuster film with 400 teenagers in a cinema,” said the health minister, Olivier Véran.\nSpainA nurse administers a first jab to a girl, 15, at a vaccination centre in Gran Canaria.\nCatalonia, for example, said only this week it would begin allowing 12- to 15-year-olds to book vaccine appointments.\nBut he warned of a “profoundly injust situation”, calling for “a balance between the vaccine rollout in developed countries and solidarity in providing vaccines to developing countries so all of this can end”.\nPhotograph: Karen Pulfer Focht/ReutersIn the US, about 40% of 12- to 17-year-olds have had at least one vaccine dose.","News":"The UK’s Joint Committee on Vaccination and Immunisation has recommended that Covid jabs be offered to all 16- and 17-year olds, while continuing to limit shots for 12- to 15-year-olds to the clinically vulnerable or those living with people at risk.\n\nThe move brings Britain more in line with the US and many European countries, several of which have gone further by opening up vaccinations to all over-12s and have already hit first-jab rates of 40% or more, while others are more cautious.\n\nFrance\n\nA woman holds a cardboard sign reading: ‘Don’t touch our children’ at a protest in Toulouse last month. Photograph: Alain Pitton/NurPhoto/Rex/Shutterstock\n\nFrance began offering Covid vaccinations to all over-12s on 15 June and more than 2 million children, roughly 40% of the 12-17 age group, have so far received a first shot. The move has provoked bitter rows among some couples, prompting the government to drop a requirement for parental authorisation for older teenagers and, for 12- to 15-year-olds, to require the approval of only one parent.\n\nFrom the end of September, younger teenagers will join the over-18s in needing a “health pass” – showing proof of vaccination or a recent negative test – to visit cafes, entertainment venues and public events, take a long-distance train or participate in organised sport.\n\n“Imagine a blockbuster film with 400 teenagers in a cinema,” said the health minister, Olivier Véran. “It’s got to be the health pass, or outright closure.”\n\nFrom the start of the new term, non-vaccinated secondary school children will also have to switch to remote learning if a pupil in their class tests positive.\n\nSpain\n\nA nurse administers a first jab to a girl, 15, at a vaccination centre in Gran Canaria. Photograph: Borja Suarez/Reuters\n\nSpain’s vaccination effort is led by its regions, so rates of adolescent vaccination vary widely, with more than 40% of 12-to 19-year-olds receiving at least one dose in some but only about 1% in others. Catalonia, for example, said only this week it would begin allowing 12- to 15-year-olds to book vaccine appointments.\n\nThe central government has said it would like to have adolescents vaccinated at least two weeks before the school year starts in September. Vaccine acceptance among the age group appears to be very high, according to Amós García Rojas, the head of the Spanish Association of Vaccinology.\n\nBut he warned of a “profoundly injust situation”, calling for “a balance between the vaccine rollout in developed countries and solidarity in providing vaccines to developing countries so all of this can end”.\n\nItaly\n\nDemonstrators protest against the government’s Covid ‘green pass’ in Rome. The vaccination of young people has caused little controversy, however. Photograph: Giuseppe Lami/EPA\n\nItaly aims to vaccinate the majority of adolescents before the start of the new school year in September. The Pfizer vaccine was authorised for 12- to 15-year-olds in late May, with bookings across most regions beginning in July, and last week the Moderna jab was approved for 12- to 17-year-olds.\n\nA communication campaign to boost take-up among adolescents has helped encourage almost 35% of 12- to 19-year-olds to get a first shot, with 18.62% having received both.\n\nThe move has caused little controversy: Fabrizio Pregliasco, a virologist at the University of Milan, said last week that children should be vaccinated from the age of two.\n\n“They are also involved in the contagion chain and being vaccinated means that, as they get older, they will already be covered in case they get the virus,” he said. “In this way, by involving children and adolescents in the vaccination campaign, we will be able to reach herd immunity.”\n\nThe Netherlands\n\nThe Dutch health minister, Hugo de Jonge, attending a Euro 2020 game in Amsterdam in June. Photograph: Koen van Weel/Reuters\n\nStarting with older teenagers, the Netherlands began offering shots to the over-12s early last month, with the decision of whether to accept left up to the child – although 12- to 16-year-olds are advised to discuss it with their parents. The health minister, Hugo de Jonge, said he hoped as many as possible would take up the offer to avoid schools having to close.\n\nShare your story Share your stories If you have been affected or have any information, we'd like to hear from you. You can get in touch by filling in the form below, anonymously if you wish or contact us via WhatsApp by clicking here or adding the contact +44(0)7766780300. Only the Guardian can see your contributions and one of our journalists may contact you to discuss further. Tell us Share your experiences here Name You do not need to use your full name Where do you live? Town or area is fine You can upload a photo here if you think it will add to your story Optional We accept images and pdfs. Maximum total file size: 6MB You can upload another photo or video here Optional We accept images and pdfs. Maximum total file size: 6MB Can we publish your response? Yes, entirely Yes, but please keep me anonymous Yes, but please contact me first No, this is information only Are you contacting us because you read a Guardian article? If so which one? Email address Your contact details are helpful so we can contact you for more information. They will only be seen by the Guardian. Phone number Optional Your contact details are helpful so we can contact you for more information. They will only be seen by the Guardian. You can add any extra information here Optional Share with the Guardian Terms and conditions\n\nSweden\n\nSweden started opening up appointments to minors only this month, and only to 16- to 18-year-olds, with all 21 healthcare regions to follow “during the coming months”. Children aged 12 to 16 are so far only eligible under special conditions such as belonging to a risk group or living with people at risk.\n\nGermany\n\nPeople line up at a vaccination centre in Dresden. Photograph: Matthias Rietschel/Reuters\n\nThe debate is more heated in Germany, where the health minister, Jens Spahn, said this week children and teenagers would soon be able to “decide to get vaccinated … and thus protect themselves and others”.\n\nThe country’s standing committee on vaccination, Stiko, however, has so far only explicitly recommended jabs for 12- to 17-year-olds if they are at risk, citing insufficient data on possible long-term effects. So far 20% of the 12-17 cohort have had at least one shot and nearly 10% are fully vaccinated.\n\nRuth Stein, who has three children aged five to 14, said politicians were “putting unnecessary pressure on parents ahead of the new school year, to get their kids vaccinated or else be accused of being selfish … Kids do not generally get bad coronavirus, and they should not have to be vaccinated to protect the rest of society.”\n\nOthers are impatient: one father said he had not hesitated to have his two boys, aged 12 and 13, vaccinated last month, though he had struggled to find a doctor willing to do so. “It’s always more advantageous to have the vaccine and avoid the illness,” he said. “There is little evidence to back up fears of long-term effects, despite all the social media noise.”\n\nUnited States\n\nA Covid vaccination site at the University of Memphis in Tennessee. Adolescent vaccine outreach was halted in the state after a backlash. Photograph: Karen Pulfer Focht/Reuters\n\nIn the US, about 40% of 12- to 17-year-olds have had at least one vaccine dose. Take-up was initially strong, with about 600,000 adolescents receiving their first jab in the week after the Pfizer/BioNTech shot was authorised for 12- to 15-year-olds, but has slowed after reports linked the vaccine to rare occurrences of myocarditis, or inflammation of the heart muscle, in young people.\n\nIt has also fallen prey to the country’s politicised climate: Tennessee’s health department made headlines after a backlash by some legislators resulted in all adolescent vaccine outreach being halted.\n\nThe Centers for Disease Control continues to recommend all over-12s be vaccinated. “When I see states around the country and some governors saying they’re not going to promote vaccines for these kids, that I find extremely discouraging, because there is the opportunity to protect those children and those people who have contact with those children,” its former acting director Richard Besser told CNN.","Article Link":"http://www.theguardian.com/world/2021/aug/04/which-countries-are-vaccinating-minors-against-covid"}}
{"preview":false,"result":{"Date Published":"2021-08-02T00:00:00","Title":"The key to persuading people to get vaccinated | Letters","Publisher":"the Guardian","Keywords":["letters","vaccine","employees","key","rights","spread","vaccinated","governments","reliable","public","freedom","persuading","shame"],"Summary":"Emma Brockes makes a good case against using shame and ridicule against the vaccine-hesitant (Should we shame the anti-vaxxers?\nInveterate libertarians, meanwhile, gain spurious legitimacy by their association with those claiming genuine (if inaccurate) medical fears.\nMeasures specifically designed to suppress the spread of a killer virus are public health measures, not personal freedom issues.\nDes SeniorAylesbeare, DevonI support the idea of vaccine passports in specified settings such as universities or if an employer wishes employees to be vaccinated.\nIn the absence of such prescription, I suppose notices could be pinned up in, say, shops where it’s known that all employees are vaccinated, and in the absence of such a notice, customers could go elsewhere.","News":"Emma Brockes makes a good case against using shame and ridicule against the vaccine-hesitant (Should we shame the anti-vaxxers? That can only backfire, 31 July). However, she leaves to the very last sentence the most important consideration: “Why does he think that?” Surely the key to persuading the hesitant is to separate the various categories of concern/attitude and address these issues directly and explicitly – something which neither governments nor the media have attempted to do.\n\nAllowing target groups to remain an amorphous body of “the unvaccinated” helps to sow resentment among those with understandable concerns, through their being lumped together with baseless conspiracists. Inveterate libertarians, meanwhile, gain spurious legitimacy by their association with those claiming genuine (if inaccurate) medical fears. Rarely are any of these groups required to cite reliable facts in defence of their positions, if only because their views are mostly sought by the media through vox-pop reporting.\n\nRather than relying on gimmicky inducements, or reactive explanations, governments in both the US and UK might be more effective in persuading the hesitant if they addressed these types of misinformation clearly, separately and repeatedly. Reliable information is still the best form of inoculation against the contagion of simplistic, syllogistic logic.\n\nPaul McGilchrist\n\nColchester, Essex\n\nJohn Harris makes some good points about this government’s intention to rule by decree and stifle the public right to protest (Brexit and Covid have created the perfect moment for the politics of crackdown, 1 August). However, he is wrong in trying to conflate this with the case for “green passes” – the term “vaccine passports” is oversimplistic since freedom from infection, and thus non-infectiousness, can be verified by means other than just vaccination.\n\nThe means to implement a green pass system already exist and would prevent the uncontained spread of coronavirus, with its concomitant hospitalisation and death toll, minimising the possibility of pubs, clubs, concerts and matches becoming super-spreader venues. Measures specifically designed to suppress the spread of a killer virus are public health measures, not personal freedom issues.\n\nDes Senior\n\nAylesbeare, Devon\n\nI support the idea of vaccine passports in specified settings such as universities or if an employer wishes employees to be vaccinated. I also deplore the possibility that they might be ruled discriminatory if challenged in a court of law.\n\nBritish human rights legislation states: “No restrictions shall be placed on the exercise of these [freedom of association] rights other than such as are prescribed by law and are necessary in a democratic society in the interests of national security or public safety, for the prevention of disorder or crime, for the protection of health or morals or for the protection of the rights and freedoms of others.”\n\nI am no lawyer, but those words make it clear to me that prescription of such proof could enable an employer to protect their workforce by ensuring that no one is employed who is more likely to transmit Covid-19 than most of the general population. Their employees might also welcome that approach. In the absence of such prescription, I suppose notices could be pinned up in, say, shops where it’s known that all employees are vaccinated, and in the absence of such a notice, customers could go elsewhere.\n\nPatrick Cosgrove\n\nChapel Lawn, Shropshire","Article Link":"http://www.theguardian.com/society/2021/aug/02/the-key-to-persuading-people-to-get-vaccinated"}}
{"preview":false,"result":{"Date Published":"2021-08-01T00:00:00","Title":"Leaders tackle global question of how to persuade people to get Covid jab","Authors":"Peter Beaumont","Publisher":"the Guardian","Keywords":["global","persuade","resistance","vaccination","vaccinated","countries","tackle","week","jab","including","announced","health","vaccine","biden","leaders","covid","question"],"Summary":"“If they don’t want to be vaccinated, they should not be allowed to go out of their homes,” Duterte said.\nThe responses to vaccine mandates – or softer versions of mandates, such as passes and passports – have varied just as wildly.\nOn Thursday, Joe Biden announced new requirements for federal workers to provide proof of vaccination.\nHowever, the different responses to vaccine resistance – from shaming and coercion, to appeals to altruism and even incentivising inoculation with rewards – have left bioethicists and politicians alike struggling to find an appropriate balance.\nAt the same time, the policy has had strong support from public health leaders who have decried vaccine resistance among health workers.","News":"Last week, the president of the Philippines, Rodrigo Duterte, appeared on television for a late-night address.\n\nThe hardliner has previously pushed a shoot-to-kill policy against drug gangs, but had something else on his mind this time: the coronavirus pandemic and those refusing to be vaccinated, who he suggested should be compelled to stay at home.\n\n“If they don’t want to be vaccinated, they should not be allowed to go out of their homes,” Duterte said. “They may say there is no law, but should I wait for a law knowing that many will die?”\n\nWhile many are unsure that Duterte’s threats are even legal under his country’s laws, they represent the most draconian end of the spectrum of a problem that governments and policymakers are tackling around the world: how to persuade unvaccinated citizens to get inoculated.\n\nAmid a global resurgence of Covid-19 driven by the Delta variant, governments, corporations, leisure operators and universities around the world have begun insisting on vaccination, in moves that run the full spectrum from adding more testing hurdles for workers who refuse, or blocking full social participation, to Duterte’s vision.\n\nThe responses to vaccine mandates – or softer versions of mandates, such as passes and passports – have varied just as wildly.\n\nDenmark pioneered vaccine passes with little resistance. In Italy and France, however, the proposals have prompted thousands to take to the streets – clashing with police in some places – to show their opposition to plans that would require vaccination cards for normal social activities such as dining indoors at restaurants, visiting museums and cheering in sports stadiums.\n\nProtests continued in both countries this weekend, with thousands demonstrating in Paris and other French cities on Saturday, while Italians marched in Rome, Milan and Naples for a second consecutive week.\n\nGermany and the UK have so far resisted a blanket approach, while vaccinations are so popular in Spain that incentives are not deemed necessary.\n\nThe force of the escalating momentum behind vaccine mandates, however, has been most visible in the US, where the president, Joe Biden, on Thursday joined major corporations including Google, Facebook and MGM Casinos, and the mayors of California and New York, in insisting on proof of vaccination or testing.\n\nOn Thursday, Joe Biden announced new requirements for federal workers to provide proof of vaccination. Photograph: Susan Walsh/AP\n\n“Right now too many people are dying or watching someone they love die,” Biden told reporters at the White House as he announced a new set of rules requiring federal workers to provide proof of vaccination or face regular testing, mask mandates and travel restrictions.\n\n“With freedom comes responsibility,” Biden said. “So please exercise responsible judgment. Get vaccinated for yourself, the people you love, for your country.”\n\nBiden’s moves were also echoed on Friday by the Australian prime minister, Scott Morrison, who announced that vaccinated Australians would have “special rules” applied to them as they posed less of a health risk.\n\nExperts say the global efforts to push vaccination have been driven by the convergence of a number of factors, not least surges of infections driven by the Delta variant but also the experiences of a number of countries, including the US, whose vaccination campaigns have faltered in the face of resistance to the vaccines.\n\nThat, in turn, has created a new political dynamic, fuelling tensions between vaccinated people, who are keen to see a return to normal life, and those refusing the vaccine – which has created space for more interventionist policies.\n\n“It’s the unvaccinated folks that are letting us down,” the Republican governor of Alabama, Kay Ivey, railed last week as her state grappled with the lowest vaccination rate in the country. “These folks are choosing a horrible lifestyle of self-inflicted pain.”\n\nThere is evidence that insisting on vaccination in certain settings, including healthcare, can significantly increase the numbers of those getting jabbed.\n\nIn France, almost 5 million people got a first dose and more than 6 million got a second dose in the two weeks after the president, Emmanuel Macron, announced that the virus passes would be expanded to restaurants and many other public venues. Before that, vaccination demand had been waning for weeks.\n\nVaccine demand in Italy also increased by as much as 200% in some regions after the government announced its own “green pass”, according to the country’s special commissioner for vaccinations.\n\nHowever, the different responses to vaccine resistance – from shaming and coercion, to appeals to altruism and even incentivising inoculation with rewards – have left bioethicists and politicians alike struggling to find an appropriate balance.\n\nMost countries have opted, so far, for a carrot-and-stick approach, giving vaccinated people easier access to employment, leisure facilities and travel.\n\nAnother idea has been to encourage material incentives for vaccination, such as the $100 (£72) payment that Biden has called on US states to offer – an approach also embraced by the Czech government, which on Friday offered two additional days of holiday to state employees who get vaccinated.\n\n“The aim is to have maximum vaccination, to protect ourselves against infection from abroad,” said the Czech prime minister, Andrej Babis. “This is the main task: inoculate, inoculate, inoculate.”\n\nThe Italian government says that demand for Covid jabs has significantly increased since its announcement of the ‘green pass’. Photograph: Mauro Scrobogna/AP\n\nWriting earlier this year in the BMJ’s Journal of Medical Ethics, Julian Savulescu, a professor of practical ethics at the University of Oxford, set out conditions he believed should be met for mandated vaccination or for the offering of incentives, the latter of which he leans towards as being less problematic.\n\nArguments for mandatory vaccination, as Savulescu points out, are usually framed in terms of the argument made by John Stuart Mill over the point at which the risk of an individual’s action harming others justifies the restriction of liberty.\n\n“Covid-19 is almost unique because of the gravity of the problem at the global level: not only is there cost in terms of lives from Covid-19, there is also the extraordinary economic, health and wellbeing consequences of various virus-control measures, including lockdown, which will extend into the future.\n\n“There is a strong case for making any vaccination mandatory (or compulsory) if four conditions are met: there is a grave threat to public health; the vaccine is safe and effective; mandatory vaccination has a superior cost/benefit profile compared with other alternatives [and] the level of coercion is proportionate.”\n\nHowever, Savulescu concluded: “It is better that people voluntarily choose on the basis of reasons to act well, rather than being forced to do so. Structuring the rewards and punishments in a just and fair way is one way of giving people reasons for action.”\n\nWhile the piecemeal US moves have drawn the most attention this week, other countries, not least in Europe, are already further advanced in their efforts at a state level to nudge an increase in vaccine uptake, although not without pushback.\n\nIn France, where the plans are toughest and furthest advanced, a health passport has been required since mid-July for venues including cinemas, tourist sites and nightclubs and will be required for other sites from August, as well as for long-distance travel and for healthcare staff.\n\nWhile supported by about 60% of the population, critics of Macron have condemned the policy as “authoritarian”, and the plans come with the risk of political blowback, such as has already been seen in the demonstrations in French cities.\n\nAt the same time, the policy has had strong support from public health leaders who have decried vaccine resistance among health workers.\n\n“Our job is to cure people, not to kill them,” said Patrick Pelloux, the president of France’s Association of Emergency Physicians, last week. “We have an ethical … and civic duty to get vaccinated and limit hospital-acquired Covid infections.”\n\nSignificantly, however, Macron’s push has transformed attitudes in one of Europe’s most vaccine-hesitant countries, where only a few months ago, barely 40% of people said they were willing to get the vaccine.\n\nAll of this reflects the fact that, in many countries, attitudes towards vaccination are far more complex than simply for or against, with a significant middle ground of unvaccinated people open to being nudged.\n\nIndeed, a recent Kaiser Family Foundation poll in the US identified 10% of people as still being on the fence, while another 6% said they were waiting for a requirement to be vaccinated.","Article Link":"http://www.theguardian.com/world/2021/aug/01/leaders-tackle-global-question-of-how-to-persuade-unvaccinated-to-get-covid-jab"}}
{"preview":false,"result":{"Date Published":"2021-07-30T13:27:11","Title":"Italian MP chased out of parliament by security for protesting green pass","Publisher":"The Independent","Keywords":["green","including","covid","chased","protesting","security","italy","pass","parliament","italian","vaccine","deaths","countrys","mp"],"Summary":"An Italian MP was filmed being chased out of parliament by security guards after waving a placard in protest against the country’s “green pass” scheme.\nVideo footage shows the man dodging security as they try to grab the sign, which says “no green pass”, out of his hands.\nThe “green pass” will reflect whether a person has received at least one vaccine dose, recovered from Covid-19 in the last six months or tested negative within the past 48 hours.\nPublic demonstrations have been held across Italy in recent days, including in Rome, Florence and Milan, where protesters have claimed the green pass is a violation of their freedom.\nSince the country’s Covid outbreak began in February 2020, Italy has registered 128,029 deaths linked to the disease – the second-highest toll in Europe after the UK.","News":"An Italian MP was filmed being chased out of parliament by security guards after waving a placard in protest against the country’s “green pass” scheme.\n\nVideo footage shows the man dodging security as they try to grab the sign, which says “no green pass”, out of his hands.\n\nThe politician is chased out of the chamber by one guard as numerous other MPs make their way down to the floor holding similar signs.\n\nThe parliamentary session was temporarily suspended amid cries of “shame” aimed at those protesting.\n\nTheir demonstration on Thursday evening came after the Italian government announced it would introduce a vaccine passport scheme for accessing indoor venues amid rising coronavirus cases driven by the Delta variant.\n\nThe “green pass” will reflect whether a person has received at least one vaccine dose, recovered from Covid-19 in the last six months or tested negative within the past 48 hours. It comes into force on 6 August.\n\nThe pass will be needed to gain entry into swimming pools, gyms, theatres, cinemas, museums, exhibition centres and big events such as conferences and sports games.\n\nIt will also be required to be served indoors in restaurants.\n\nPublic demonstrations have been held across Italy in recent days, including in Rome, Florence and Milan, where protesters have claimed the green pass is a violation of their freedom.\n\nItaly reported 19 new coronavirus deaths on Thursday, while daily infections rose by 6,171. This is compared to 15 deaths and 5,696 cases a day earlier.\n\nSince the country’s Covid outbreak began in February 2020, Italy has registered 128,029 deaths linked to the disease – the second-highest toll in Europe after the UK.\n\nPatients in hospital with Covid, not including those in intensive care, stood at 1,730 on Thursday.","Article Link":"https://www.independent.co.uk/news/world/europe/italy-green-pass-mp-parliament-video-b1893624.html"}}
{"preview":false,"result":{"Date Published":"2021-07-28T08:21:08","Title":"Spain could be slammed onto amber plus list next week due to fears of Beta cases – throwing holiday plans into chaos","Authors":"Kara Godfrey","Publisher":"The Sun","Keywords":["holiday","variant","fears","amber","added","chaos","week","countries","france","list","plans","beta","plus","throwing","spain","slammed","green"],"Summary":"SPAIN could be replacing France on the amber plus list next week, meaning Brits will not be able to skip the 10-day quarantine even if fully vaxxed.\nA source said: “Like we’ve seen here, Delta is so transmissible we are pretty sure it will outcompete the Beta variant.\nMore countries are expected to be added to the green list too, which could include Germany and Austria, as well as Italy and Poland.\nThe green list is the smallest of the lists, with other destinations including Madeira, Malta and Croatia on it.\n2 Brits still need tests if heading to amber and green countries","News":"SPAIN could be replacing France on the amber plus list next week, meaning Brits will not be able to skip the 10-day quarantine even if fully vaxxed.\n\nGovernment sources are confident that France will be removed next week after it was added at short notice earlier this month.\n\n2 Spain could be replacing France on the amber plus list next week Credit: Alamy\n\nThe country was added due to the fears of the Beta variant, meaning France was not included in the easing of the amber list rules which lets Brits with both jabs skip the quarantine back in the UK.\n\nHowever, a Whitehall source told the Mail Online that the Department of Health is 'jumpy' about the variant being detected in some parts of Spain.\n\nThey said: \"The situation in Spain is beginning to feel a lot like the build-up to the decision on France.\n\n\"The Department of Health are getting very jumpy about the number of Beta cases in parts of the country.\n\n\"We're not talking about the main tourist hotspots, but that might not make any difference – it didn't with France.\"\n\nOther officials have downplayed the threat in Spain, saying the country won't be added in the travel review, expected on August 5.\n\nA Department for Transport spokesperson said: \"The travel list allocations have not changed for Spain or Greece.\"\n\n\"VERY JUMPY\"\n\nAnd insiders say a sharp rise in the Delta variant on the Continent will mean it “outcompetes” Beta in a few weeks — giving hope the “amber-plus” status will quickly be ditched.\n\nA source said: “Like we’ve seen here, Delta is so transmissible we are pretty sure it will outcompete the Beta variant.\n\n“There is still a couple of weeks to go though and that needs to be reflected in the data.”\n\nEnvironment Secretary George Eustice previously told LBC: \"As those rates come down obviously the evidence will change and it can be reviewed and we will want to be putting countries like France back onto the amber list in the normal way.\"\n\nMore countries are expected to be added to the green list too, which could include Germany and Austria, as well as Italy and Poland.\n\nThe green list is the smallest of the lists, with other destinations including Madeira, Malta and Croatia on it.\n\nBoris Johnson is also set to allow double-jabbed travellers from the US and Europe back into the UK without having to quarantine, it has been reported.\n\nSenior ministers are poised to sign off plans today to allow US citizens who have vaccine cards and those from the EU countries who have a ‘green pass’ to enter the UK.\n\n2 Brits still need tests if heading to amber and green countries","Article Link":"https://www.thesun.co.uk/travel/15712572/spain-replace-france-amber-plus-list-next-week/"}}
{"preview":false,"result":{"Date Published":"2021-07-28T00:00:00","Title":"Hilsa fishing, a giant puppet and Siberian tigers: Wednesday’s best photos","Authors":["Natasha Rees-Bloor","Photograph","Sedat Suna Epa","Giuseppe Lami Epa","Remko De Waal Anp Afp Getty","David Swanson Reuters","Sergey Dolzhenko Epa","Aaron Chown Pa","Xinhua Rex Shutterstock","Ozkan Bilgin Anadolu Agency Getty"],"Publisher":"the Guardian","Keywords":["siberian","pass","venues","wednesdays","received","hilsa","italyprotesters","tear","fishing","needed","puppet","month","giant","photos","rome","proving","best","vaccine","tigers"],"Summary":"Rome, ItalyProtesters tear down a barricade during a demonstration against the ‘ green pass ’, a document proving its carrier has received a vaccine against Covid-19, which will be needed to gain entry to several venues from next month","News":"Rome, Italy\n\nProtesters tear down a barricade during a demonstration against the ‘ green pass ’, a document proving its carrier has received a vaccine against Covid-19, which will be needed to gain entry to several venues from next month","Article Link":"https://www.theguardian.com/news/gallery/2021/jul/28/hilsa-fishing-a-giant-puppet-and-siberian-tigers-wednesdays-best-photos"}}
{"preview":false,"result":{"Date Published":"2021-07-27T00:00:00","Title":"UK poised to end amber list quarantine for people vaccinated in US and EU","Authors":"Aubrey Allegretti","Publisher":"the Guardian","Keywords":["end","uk","amber","travel","guardian","vaccinated","eu","poised","fully","ministers","optional","list","quarantine","contact","number","information"],"Summary":"Plans to significantly open up international travel are expected to be announced on Wednesday, with UK ministers poised to let people who have been fully vaccinated in the US and EU avoid quarantine if arriving from amber-list countries.\nThe Guardian also understands that ministers will discuss adding Spain to the amber plus list.\nPhone number Optional Your contact details are helpful so we can contact you for more information.\nUnder the changes hoped to come into force from August, Britons or American citizens who have been fully vaccinated in the US will no longer need to isolate as long as they test negative before departure and after arrival.\nMinisters decided with only a few days’ notice that all those returning home from France who were fully vaccinated would not be exempt from self-isolating, with the Beta variant blamed for the move.","News":"Plans to significantly open up international travel are expected to be announced on Wednesday, with UK ministers poised to let people who have been fully vaccinated in the US and EU avoid quarantine if arriving from amber-list countries.\n\nThe move would benefit millions of people by finally letting them be reunited with family and friends based in the UK, as well as businesses in the aviation and tourism sectors that have been hit hard by the pandemic.\n\nCurrently, only those who have been inoculated by the NHS are eligible for a “Covid pass” to show upon return that would allow them to skip the self-isolation period of up to 10 days if coming from an amber-list country, under the rules of the traffic light system that grades countries according to their case, variant and vaccination rates.\n\nLast week it was confirmed by the vaccines minister, Nadhim Zahawi, that those who had been jabbed abroad but were still registered with a GP in the UK would from August be able to have those doses recognised.\n\nBut the move came under criticism from Britons living abroad, who said it benefited a tiny number of people given the NHS is a residency-based system and so British citizens who have moved overseas would still be largely locked out.\n\nThe Guardian understands that senior ministers will gather for a meeting of the Covid operations committee on Wednesday morning to sign off plans to start treating Britons who have been fully vaccinated in the US and EU the same as UK residents.\n\nUS citizens who have a vaccine card proving they have been fully vaccinated and EU citizens who use the bloc’s “green pass” to demonstrate inoculation are also expected to have their documents recognised, as long as the vaccines they received are authorised for use in the UK.\n\nGovernment sources stressed the change was not guaranteed and subject to a final agreement at the meeting, with conversations also taking place during the day between Whitehall and the devolved administrations about whether it would apply to England only or all four UK nations.\n\nThe Guardian also understands that ministers will discuss adding Spain to the amber plus list.\n\nThe whole of the mainland, as well as the Balearic islands which were downgraded several weeks ago from the green list – is at risk.\n\nA significant number of European countries allow in Britons who have been fully vaccinated and Brussels’s advice to member states is to accept the NHS app, but the US bars anyone who has been in the UK in the past 14 days from entering the country.\n\nThe prime minister, Boris Johnson, and the US president, Joe Biden, announced at the G7 summit in Cornwall last month they would set up a taskforce to re-establish international travel links between both countries.\n\nShare your story Share your stories If you have been affected or have any information, we'd like to hear from you. You can get in touch by filling in the form below, anonymously if you wish or contact us via WhatsApp by clicking here or adding the contact +44(0)7766780300. Only the Guardian can see your contributions and one of our journalists may contact you to discuss further. Tell us Share your experiences here Name You do not need to use your full name Where do you live? Town or area is fine You can upload a photo here if you think it will add to your story Optional We accept images and pdfs. Maximum total file size: 6MB You can upload another photo or video here Optional We accept images and pdfs. Maximum total file size: 6MB Can we publish your response? Yes, entirely Yes, but please keep me anonymous Yes, but please contact me first No, this is information only Are you contacting us because you read a Guardian article? If so which one? Email address Your contact details are helpful so we can contact you for more information. They will only be seen by the Guardian. Phone number Optional Your contact details are helpful so we can contact you for more information. They will only be seen by the Guardian. You can add any extra information here Optional Share with the Guardian Terms and conditions\n\nBut hopes of a breakthrough were shattered when the White House press secretary, Jen Psaki, said this week that the US would not lift the existing restrictions it places on British nationals owing to the prevalence of the Delta variant.\n\nThe US is on the UK’s amber list, meaning all travellers from the country must isolate for 10 days, though they can be released under the “test to release” system after day five. Under the changes hoped to come into force from August, Britons or American citizens who have been fully vaccinated in the US will no longer need to isolate as long as they test negative before departure and after arrival.\n\nWhile likely to be welcomed by many, the move was expected to happen some time over the summer, given a review of the UK’s Covid rules on international travel was due to take place before 31 July.\n\nFurther changes to the red, amber and green lists are not expected to be made until next Thursday, with particular attention focused on France.\n\nMinisters decided with only a few days’ notice that all those returning home from France who were fully vaccinated would not be exempt from self-isolating, with the Beta variant blamed for the move.\n\nSome government figures are optimistic that France will be moved from “amber plus” from 9 August, given the number of Beta cases there is not as high as first thought.\n\nThe move caused a significant split among some cabinet ministers, given the Joint Biosecurity Centre had initially advised France be put on the red list – a significant step that would have meant only British residents and nationals being allowed to travel home across the Channel.","Article Link":"http://www.theguardian.com/world/2021/jul/27/uk-poised-end-amber-list-quarantine-people-vaccinated-in-us-and-eu"}}
{"preview":false,"result":{"Date Published":"2021-07-26T00:00:00","Title":"Covid: more EU states to restrict venue access for unvaccinated people","Authors":["Daniel Boffey","Kim Willsher","Kate Connolly"],"Publisher":"the Guardian","Keywords":["restaurants","unvaccinated","information","eu","health","covid","vaccinated","restrict","access","contact","guardian","states","pass","venue","vaccine"],"Summary":"In the Netherlands, batches of Hollandse nieuwe, or new-season Dutch herring, are being distributed to vaccination centres as an incentive.\nAn estimated 161,000 people had protested over the weekend as parliamentarians in Paris sought to find a compromise agreement on the so-called health pass.\nIn Belgium access to outdoor events with more than 1,500 people will be limited from 13 August to those carrying a vaccine certificate.\nPhone number Optional Your contact details are helpful so we can contact you for more information.\nMeanwhile, Markus Söder, the leader of Bavaria, suggested increasing pressure on unvaccinated people by obliging them to pay for tests to prove their Covid status, which are currently free.","News":"An increasing number of European governments are planning to prevent unvaccinated people from being able to attend hospitality venues such as bars and restaurants this summer, as Emmanuel Macron celebrates the fruits of the recent announcement of the policy in France.\n\nFrance on Monday passed the threshold of 40 million people having received at least one vaccine dose – close to 60% of the population. Macron tweeted: “Together we will defeat the virus. We continue!”\n\nA range of policies are being tried out across Europe as governments seek to push reluctant people into receiving jabs. In Sweden, a study being carried out by the University of Lund will examine whether the offer of a redeemable voucher worth £17 can convince people to take the plunge. In the Netherlands, batches of Hollandse nieuwe, or new-season Dutch herring, are being distributed to vaccination centres as an incentive.\n\nVaccination centre staff pose with with herring in The Hague. Photograph: Hollandse Hoogte/Rex/Shutterstock\n\nBut by the far the most impressive results following a government intervention on vaccine uptake are being enjoyed in France, where record numbers have been administered in the two weeks since Macron announced his intention to legislate to limit access to hospitality to benefit those who are fully vaccinated, in possession of a negative PCR test or able to prove that they have recovered from infection.\n\nAn estimated 161,000 people had protested over the weekend as parliamentarians in Paris sought to find a compromise agreement on the so-called health pass. But it was passed at 12.45am on Monday after 60 hours of debate and a last-minute deal between the national assembly and the senate.\n\nThe new pass will be required to attend restaurants, bars, museums, cinemas and large public gatherings from August, but not shopping malls, after the government was pressured into dropping that aspect of the legislation. Local prefects will instead have the powers to impose the rule on large shopping centres if they feel it is necessary.\n\nThe pass will not be required for 12- to 17-year-olds until the end of September. Another compromise means health workers and restaurant and bar staff in France will not be sacked if they remain unvaccinated, but they can be suspended without pay.\n\nIn the past fortnight, 4m jabs have been administered in France with the health ministry reporting on Monday that 33.2 million people – close to 50% of the population – were fully vaccinated.\n\nOn Monday, Ireland allowed hospitality venues to reopen their indoor facilities to those customers holding the EU’s digital certificate that proves their vaccine status or a record from the country’s Health Service Executive.\n\nPeople hold anti-vaccine-passport placards at a protest in Dublin on Saturday. Photograph: Niall Carson/PA\n\nFrom 6 August, a similar “green pass” will be required in Italy to access hospitality businesses, public swimming pools, gyms and sports halls, sports events, concerts, fairs and cultural venues such as museums, cinemas, and theatres.\n\nThere is no national policy in Spain but the region of Galicia is mandating a vaccination certificate or a negative Covid-19 test for indoor access to hotels and restaurants. In Belgium access to outdoor events with more than 1,500 people will be limited from 13 August to those carrying a vaccine certificate.\n\nBoris Johnson has said he intends to limit access to nightclubs in England from September to those who can prove that they are fully vaccinated.\n\nIn Germany, politicians are in the thick of a debate over how and whether pressure to get jabbed should be increased on people who have yet to be vaccinated.\n\nJust under half (49.4%) of Germans are fully jabbed and 61% have had one dose. But the vaccine campaign has slowed down over recent weeks, with reports of many having missed appointments for second jabs in order to go on holiday, leading experts to warn that herd immunity is nowhere near being reached.\n\nPeople queue for vaccinations in Bad Neuenahr-Ahrweiler, Germany. Photograph: Christian Mang/Reuters\n\nAt the weekend Helge Braun, the chief of staff of the chancellor, Angela Merkel, suggested those not vaccinated should not be directly penalised but that people who were should have distinct advantages.\n\nHe told the Bild am Sonntag newspaper unvaccinated people should be obliged to reduce their contacts, and that for them “visits to restaurants, cinemas and stadiums” should be restricted because of the high risk.\n\nWading into what is inevitably going to be a leading issue in the run-up to September’s federal election, Armin Laschet, the leading candidate for the Christian Democrats, spoke out against making vaccines obligatory.\n\n“Obliging people to get a vaccine is not something I can go along with,” he said in a television interview. “And neither can I support the idea of indirectly pressurising people to get a jab.”\n\nShare your story Share your stories If you have been affected or have any information, we'd like to hear from you. You can get in touch by filling in the form below, anonymously if you wish or contact us via WhatsApp by clicking here or adding the contact +44(0)7766780300. Only the Guardian can see your contributions and one of our journalists may contact you to discuss further. Tell us Share your experiences here Name You do not need to use your full name Where do you live? Town or area is fine You can upload a photo here if you think it will add to your story Optional We accept images and pdfs. Maximum total file size: 6MB You can upload another photo or video here Optional We accept images and pdfs. Maximum total file size: 6MB Can we publish your response? Yes, entirely Yes, but please keep me anonymous Yes, but please contact me first No, this is information only Are you contacting us because you read a Guardian article? If so which one? Email address Your contact details are helpful so we can contact you for more information. They will only be seen by the Guardian. Phone number Optional Your contact details are helpful so we can contact you for more information. They will only be seen by the Guardian. You can add any extra information here Optional Share with the Guardian Terms and conditions\n\nHe said he might be prepared for a rethink if the number of vaccinated people remained low in the autumn.\n\nMeanwhile, Markus Söder, the leader of Bavaria, suggested increasing pressure on unvaccinated people by obliging them to pay for tests to prove their Covid status, which are currently free.\n\nKarl Lauterbach, the health spokesperson for the Social Democrats, said due to an infection rate that has been rising for the last three weeks, by autumn it will no longer be possible to avoid “limiting access to spaces where lots of people come together, to those who are either recovered or vaccinated”, becaue of the high level of false negative test results.","Article Link":"http://www.theguardian.com/world/2021/jul/26/covid-more-eu-states-restrict-venue-access-unvaccinated-people"}}
{"preview":false,"result":{"Date Published":"2021-07-25T00:00:00","Title":"Europe clamps down amid fears over rapid spread of Delta variant","Authors":"Emma Graham-Harrison","Publisher":"the Guardian","Keywords":["clamps","transmissible","variant","covid","vaccination","fears","rapid","vaccinated","uk","delta","europe","amid","pass","spread","countries"],"Summary":"They are arriving in countries where the Delta variant paralysing Britain is just becoming dominant – and Europe is responding by clamping down.\nThe WHO said on Friday that the Delta variant has now become dominant in much of Europe.\n“The Delta variant is even more of a threat than the other variants,” Italy’s prime minister, Mario Draghi, told reporters.\nBut the Delta variant of the coronavirus could dampen this recovery in services especially, in tourism and hospitality,” she said.\nThe UK’s high levels of Delta variant mean British tourists are banned from European countries including the Netherlands and Bulgaria.","News":"With the school term finally over, Britons are flying to Europe in their tens of thousands, record levels for this Covid year. They are arriving in countries where the Delta variant paralysing Britain is just becoming dominant – and Europe is responding by clamping down.\n\nSome countries have tightened border controls, with Malta barring entry to unvaccinated travellers and Germany bringing in stricter quarantine rules for people arriving from Spain and the Netherlands. More broadly, authorities from Greece to Italy and France to Portugal are bringing in what are effectively vaccine passports for a wide range of activities, although most are shying away from using that term, which has become incendiary.\n\nItaly will require proof of vaccination – through the Europe-wide “green pass” – to do anything from visiting a museum, to working out at a gym or watching a film. Similar rules in France have sparked two weekends of headline-grabbing protests attended by tens of thousands, including far-right activists on Saturday. But most French adults are fully vaccinated now and polls show a majority support the new measures.\n\nIn Greece, bars and restaurants can now only welcome vaccinated customers inside, a curb that Portugal introduced at the start of July.\n\nThe WHO said on Friday that the Delta variant has now become dominant in much of Europe. And politicians have cited the rapid rise of this highly transmissible form of Covid to justify moves restricting much of public life to the vaccinated. “The Delta variant is even more of a threat than the other variants,” Italy’s prime minister, Mario Draghi, told reporters. “The green pass is not arbitrary, but a necessary condition not to shut down the economy. Without vaccinations, everything will have to close again.”\n\nThe head of the European Central Bank, Christine Lagarde, warned of the specific risks caused by Delta as the bank voted to keep its vast Covid stimulus programme in place last week. “The reopening of large parts of the economy is supporting a vigorous bounce-back in the services sector. But the Delta variant of the coronavirus could dampen this recovery in services especially, in tourism and hospitality,” she said.\n\nIn Greece, bars and restaurants can now only welcome vaccinated customers inside. Photograph: Jan Wlodarczyk/Alamy\n\nCurrent data shows that the Delta variant is about 60% more transmissible than the Alpha variant, which in turn is 60% more transmissible than the original variant from China, according to Martin Hibberd, professor of emerging infectious disease at the London School of Hygiene and Tropical Medicine.\n\nSo 10 people infected with the original Covid strain would pass the disease to about 25 other people, without restrictions such as lockdown or vaccinations. But 10 people infected with the Delta variant will make between 60 and 70 people ill.\n\nScientists say Europe is now facing the same race between vaccination and the Delta variant that has been under way in the UK for several months. “Clearly the UK is doing well with getting the vulnerable groups like the over-50s vaccinated, and yet we’re still seeing more hospitalisations than the NHS would like at the moment, so it’s going to be tricky for Europe. And I think the answer is to do more vaccinations,” said Hibberd.\n\n“Europe probably needs to expand [mass testing] a little bit more so that people can be more aware about whether they’re positive or not and then isolate if they are. [Europe] haven’t been quite as good at that: you can’t get free tests quite as easily across Europe as you can in the UK.”\n\nThere is mounting anecdotal evidence that requiring vaccines at schools, work, and leisure venues can spur people to get their jabs. In the week after Emmanuel Macron, the French president, announced tighter controls on 12 July, a record 3.7 million French citizens signed up for a vaccination, Reuters reports.\n\nIn Italy, Draghi’s decision also prompted a pickup in vaccine bookings, officials said. “I think the prime minister has achieved what he wanted to achieve,” said Giovanni Toti, president of the region of Liguria.\n\nOverall, more than half of the EU’s population has now been fully vaccinated, but there are significant differences between countries. And the fast rise in cases can even put the fully vaccinated at risk.\n\n“Sadly in many countries in our region we’re seeing a significant rise in cases associated with the spread of the highly transmissible Delta variant,” said Hans Henri P Kluge, the WHO’s regional director for Europe. “Despite tremendous efforts by member states to vaccinate people across the region, millions more remain unvaccinated and therefore at risk of ending up in hospital.”\n\nThe bleak example of Britain’s summer wave of infections may have pushed European politicians to bring in tighter controls, showing them what could lie ahead if they don’t act.\n\n“Aside from vaccine rates, I’d say the way the UK has handled Delta is precisely the opposite of how it should be done,” said Stephen Griffin, associate professor in the school of medicine at the University of Leeds.\n\n“Allowing mass infection alongside partial vaccination is not only causing avoidable illness and death, including under-18s, it will cause profound morbidity from long Covid and represents a huge experiment in virus evolution that could generate more dangerous variants.”\n\nEurope, he noted, is at least protecting children over 12 by rolling out vaccines. The UK is still restricting eligibility to over-18s, even though mixing at schools appeared to be fuelling some of the increase in cases.\n\nThe UK’s high levels of Delta variant mean British tourists are banned from European countries including the Netherlands and Bulgaria. But summer holiday hotspots across the south of the continent that rely on tourism for a significant slice of their GDP are still encouraging travellers from the UK. EasyJet said this would be its busiest weekend of the year so far, carrying over 135,000 passengers to locations across Europe. That may well fuel an even faster spread of the dangerous variant.\n\n“The UK was responsible for exporting Alpha, and now Delta. Countries across Europe, especially the UK, still haven’t learned the value of regulated quarantine,” said Griffin. Control measures including green pass rules “will all help”, he said. “But to control Delta properly you should ideally use both vaccination and restrictions in a concerted effort – unlike the UK.”","Article Link":"http://www.theguardian.com/world/2021/jul/25/europe-clamps-down-amid-fears-over-rapid-spread-of-delta-variant"}}
{"preview":false,"result":{"Date Published":"2021-07-23T08:57:10","Title":"Italy introduces vaccine passports for indoor activities","Publisher":"The Independent","Keywords":["indoor","vaccinated","restrictions","passports","tested","introduces","visit","activities","vaccine","italian","unvaccinated","pass","received","italy"],"Summary":"Italy is the latest country in Europe to bring in a vaccine passport scheme for accessing indoor venues.\nThe pass will be needed for indoor dining, gyms and theatres, as well as to attend big events such as conferences and sports games.\nIt’s reviving, and Italy is growing at a rhythm superior to that of other EU nations,” the premier told reporters.\nMore than half of people in Italy older than 12 – and thus eligible for a vaccine – have received two doses, and several million more have received a first dose.\nThese restrictions will also extend to bars, cafes, restaurants, shopping centres, hospitals, long distance trains and planes from 1 August.","News":"Italy is the latest country in Europe to bring in a vaccine passport scheme for accessing indoor venues.\n\nInfections are spiking again in the country, with the increase driven by the Delta variant.\n\nThe “green pass,” which will reflect whether a person has received at least one vaccine dose, recovered from Covid-19 in the last six months or tested negative within the past 48 hours, comes into force on 6 August.\n\nThe pass will be needed for indoor dining, gyms and theatres, as well as to attend big events such as conferences and sports games.\n\nThe idea is “to keep economic activity open”, and for Italian citizens to get back to normal life “with the assurance they won’t be next to contagious people”, said Italian prime minister Mario Draghi.\n\n“The Italian economy is going well. It’s reviving, and Italy is growing at a rhythm superior to that of other EU nations,” the premier told reporters.\n\nHealth minister Roberto Speranza said around 40 million people in Italy had downloaded a “green pass”, which is currently required to attend weddings and visit care homes.\n\nMore than half of people in Italy older than 12 – and thus eligible for a vaccine – have received two doses, and several million more have received a first dose.\n\n“The vaccine campaign permitted the economy to revive,” said Mr Draghi. “The first thing I have to say is to invite all Italians to get vaccinated and to do it right away.”\n\nItaly follows European nations including France in tightening restrictions on unvaccinated people.\n\nPresident Macron announced a raft of new restrictions on 12 July that will affect both unvaccinated residents and visitors to the country.\n\nFrom 21 July, anyone wishing to visit a theatre, cinema, sports venue or festival that has an audience of more than 50 people needs to provide evidence in the form of a “pass sanitaire” that they are either fully vaccinated or have tested negative for Covid-19.\n\nThese restrictions will also extend to bars, cafes, restaurants, shopping centres, hospitals, long distance trains and planes from 1 August.\n\nAdditional reporting by agencies","Article Link":"https://www.independent.co.uk/travel/news-and-advice/italy-vaccine-passport-covid-delta-restaurants-b1889194.html"}}
{"preview":false,"result":{"Date Published":"2021-07-22T00:00:00","Title":"Italy imposes ‘green pass’ restrictions on unvaccinated people","Authors":"Angela Giuffrida","Publisher":"the Guardian","Keywords":["recent","vaccine","italy","unvaccinated","green","vaccinated","number","variant","restrictions","imposes","pass","country","italys"],"Summary":"From 5 August, entry to stadiums, museums, theatres, cinemas, exhibition centres, swimming pools and gyms will only be allowed upon presentation of a “green pass”.\nWithout vaccinations, we’d have to close everything again.”For those who have received at least one vaccine dose, the green pass will be valid from 14 days after their second dose and will last for nine months.\nOn Thursday, Italy registered 5,057 new coronavirus infections, mostly caused by the Delta variant, compared with 4,259 the day before.\nItaly has a small but vociferous anti-vaccination movement, which has held several protests in recent months against the green pass initiative.\nMatteo Salvini, the leader of the Lega, a far-right party and key partner in Draghi’s administration, said earlier this week that a green pass is “fine for stadiums, but not for eating a pizza”.","News":"The Italian prime minister, Mario Draghi, has urged all Italians to get Covid-19 jabs after his government approved restrictions on unvaccinated citizens as it scrambles to contain a resurgence of infections.\n\nDraghi told a press conference on Thursday that the country needed to act quickly to avoid the kind of infection levels that are being seen in the UK and elsewhere in Europe, as well as to protect the economy.\n\nFrom 5 August, entry to stadiums, museums, theatres, cinemas, exhibition centres, swimming pools and gyms will only be allowed upon presentation of a “green pass”.\n\nThe pass, which is an extension of the EU’s digital Covid certificate, will also be required in order to be served indoors at restaurants.\n\nNightclubs will remain closed, while a proposal to make the pass obligatory for travelling within the country by train, plane or long-distance bus is expected to be re-evaluated in September.\n\nDraghi said Italy’s economy had been improving alongside an accelerated vaccine programme that has led to a significant fall in the number of Covid-related deaths and hospitalisations since the country started easing lockdown restrictions in late April.\n\n“But the Delta variant is threatening. It spreads much more quickly than other variants,” he said. “I invite all Italians to get vaccinated and to do so straight away. Without vaccinations, we’d have to close everything again.”\n\nFor those who have received at least one vaccine dose, the green pass will be valid from 14 days after their second dose and will last for nine months. The pass will also be available to anyone who presents proof of a negative test taken within 48 hours before accessing any of the activities under restriction, and to those who have recovered from Covid-19.\n\nOn Thursday, Italy registered 5,057 new coronavirus infections, mostly caused by the Delta variant, compared with 4,259 the day before. There were 15 more Covid-related deaths, bringing the total to 127,920 – the highest death toll in Europe after the UK.\n\nCelebrations after Italy’s victory in the Euro 2020 football championship are believed to have contributed to the recent surge in infections, particularly in Rome, where cases have increased fivefold since 11 July.\n\nAs of Thursday, 52.83% of the population have been fully vaccinated. However, bookings for jabs in recent weeks have slowed, due either to young people delaying their vaccine until after the summer holidays or to those who have decided against vaccination.\n\nItaly has a small but vociferous anti-vaccination movement, which has held several protests in recent months against the green pass initiative.\n\nThere has been opposition to the scheme from far-right parties. Giorgia Meloni, who leads the opposition Brothers of Italy, said on Thursday that it would “kill the tourism season”.\n\nMatteo Salvini, the leader of the Lega, a far-right party and key partner in Draghi’s administration, said earlier this week that a green pass is “fine for stadiums, but not for eating a pizza”.\n\nThe government is also expected to reintroduce the tiered, colour-coded system of restrictions for Italy’s 20 regions, although decisions will be based on the number of people in hospital or intensive care with Covid-19 per region rather than upon the number of infections.\n\nItaly’s state of emergency, which gives greater powers to central government – for example, to impose a lockdown – has been extended until the end of the year.","Article Link":"http://www.theguardian.com/world/2021/jul/22/italy-covid-19-green-pass-vaccinations-restrictions"}}
{"preview":false,"result":{"Date Published":"2021-07-19T00:00:00","Title":"Italy likely to toughen Covid rules with curbs on unvaccinated people","Authors":"Angela Giuffrida","Publisher":"the Guardian","Keywords":["week","likely","expected","rules","green","farright","italy","pass","salvini","curbs","brothers","covid","unvaccinated","bookings","toughen","vaccine"],"Summary":"The Italian government is expected to impose restrictions on unvaccinated people as it scrambles to stem a resurgence in Covid-19 infections.\nThe government hopes the obligation to also present a “green pass” when travelling within the country by train or plane will incentivise more people to get vaccinated.\nThree Covid deaths were recorded on Sunday, bringing the total to 127,867 – the second-highest toll in Europe after the UK.\nDuring a dinner at the home of the Algerian ambassador in Rome last week, Salvini said he had missed his first dose in June because he was “on trial” but would have it in August.\nTogether, the League and Brothers of Italy have more than 40% support in opinion polls.","News":"The Italian government is expected to impose restrictions on unvaccinated people as it scrambles to stem a resurgence in Covid-19 infections.\n\nIn a similar move to that seen in France, those not fully vaccinated could be barred from being served indoors at restaurants and bars and from entering stadiums, museums, theatres, cinemas, swimming pools and gyms.\n\nThe government hopes the obligation to also present a “green pass” when travelling within the country by train or plane will incentivise more people to get vaccinated.\n\nThe decree is expected to be approved this week and could take effect from 26 July.\n\nCovid-related deaths and hospitalisations have fallen significantly since Italy accelerated its vaccination programme. But infections, mostly driven by the Delta variant, have jumped over the past week, with 3,127 new cases reported on Sunday. Three Covid deaths were recorded on Sunday, bringing the total to 127,867 – the second-highest toll in Europe after the UK. There are 156 coronavirus patients in intensive care across Italy.\n\nAs of Monday, 50% of people over the age of 12 had been fully vaccinated. However, there has been a slowdown in bookings in recent weeks as young people delay receiving the first dose in order not to disrupt their summer holidays.\n\nOpposition to the green pass scheme from far-right parties is also emboldening Italy’s small but virulent anti-vaccine movement as well as dissuading people who are undecided about the vaccine.\n\nMatteo Salvini, the leader of the far-right League, a key partner in prime minister Mario Draghi’s broad coalition government, backed introducing a green pass to enter stadiums “but not if you go for a pizza”.\n\nDuring a dinner at the home of the Algerian ambassador in Rome last week, Salvini said he had missed his first dose in June because he was “on trial” but would have it in August. However, he said he would not force his 18-year-old son to have one.\n\nIn an interview with La Repubblica on Sunday, Salvini said: “I refuse to see someone chasing him with a swab test or syringe. We have to make sure parents and grandparents are safe without punishing our children and grandchildren.”\n\nGiorgia Meloni, who leads the far-right opposition party Brothers of Italy, said the green pass would be a further blow to the economy. Francesco Lollobrigida, a Brothers of Italy deputy, urged the under-40s to refrain from taking the vaccine and described the green pass as “blackmail from the government and a violation of liberty”.\n\nWhile the move by the French government to ban unvaccinated people from accessing public venues, including bars and restaurants, led to record vaccination bookings, thousands protested against the measure on Sunday.\n\nTogether, the League and Brothers of Italy have more than 40% support in opinion polls.\n\n“Their views on the vaccine have a big influence on people,” said Sara, whose mother, in her 60s and living in Sicily, is refusing to have the vaccine. “I never expected this as my mum has always been someone who worried about health. She often sends me misinformation found on social media. It’s a battle to encourage her to have the vaccine but there’s a lot of support for Salvini where she lives – I’m sure if he changed his stance there’d be a surge in vaccine bookings.”","Article Link":"http://www.theguardian.com/world/2021/jul/19/italy-likely-toughen-covid-rules-curbs-unvaccinated-people"}}
{"preview":false,"lastrow":true,"result":{"Date Published":"2021-07-19T00:00:00","Title":"How will England’s domestic Covid vaccine passports work?","Authors":"Peter Walker","Publisher":"the Guardian","Keywords":["change","group","venues","certification","scheme","entry","passports","englands","domestic","younger","covid","jabs","vaccine","work"],"Summary":"Firstly, under the fourth and supposedly final stage of unlocking, which began on Monday, all businesses were able to reopen without any distancing or Covid entry requirements, including nightclubs.\nSuch venues have been “encouraged” to use some sort of Covid certification but this is not mandatory.\nThe other change is that previous incarnations of domestic Covid certification plans have not been based solely on jabs but also allowed people to prove their status with a recent negative Covid test or one showing Covid antibodies.\nBut this will be the first time any sort of domestic Covid certificate will be compulsory to enter certain businesses, plus it is the first vaccine-only incarnation beyond international travel.\nThe other group will be Conservative MPs from the more lockdown-sceptic wing of the party, notably the Covid Recovery Group.","News":"What changes have ministers announced?\n\nThe main one is the full introduction of what might be called domestic vaccine passports: from the end of September, people in England will have to prove they have had both Covid doses to enter nightclubs, as well as for what are described as “other venues where large crowds gather”.\n\nHow is this different to what is in place now?\n\nIt is a change of policy on two fronts. Firstly, under the fourth and supposedly final stage of unlocking, which began on Monday, all businesses were able to reopen without any distancing or Covid entry requirements, including nightclubs. Such venues have been “encouraged” to use some sort of Covid certification but this is not mandatory. The other change is that previous incarnations of domestic Covid certification plans have not been based solely on jabs but also allowed people to prove their status with a recent negative Covid test or one showing Covid antibodies. Under the new plans, it will be double vaccination only.\n\nWill there be exemptions?\n\nYes. People who have “genuine medical reasons of why they can’t get vaccinated” will not be subject to the scheme. Details of who will be included within this have not yet been released.\n\nWhy is this being done?\n\nFor several reasons. One is to do with concerns about the potential scale of Covid infections among crowds of younger, often unvaccinated people pressed closed together in enclosed, noisy spaces. The wait until the end of September is designed to allow all over-18s to be offered both jabs, and an extra two weeks for these to become effective. Such a policy will also provide a strong incentive for younger people to be vaccinated.\n\nIs this new?\n\nYes, for domestic use. Mandatory double vaccinations are necessary for a lot of international travel, both in terms of other countries’ entry requirements and to avoid quarantine if returning from amber-list destinations. But this will be the first time any sort of domestic Covid certificate will be compulsory to enter certain businesses, plus it is the first vaccine-only incarnation beyond international travel.\n\nEarlier this month the government’s official review into Covid certification said: “The government has concluded that it will not mandate the use of Covid-status certification as a condition of entry for visitors to any setting at the present time.” Even other countries that have used Covid certification, such as Israel’s green pass – which had far more wide-ranging use – was not restricted to vaccination only.\n\nCould pubs and other venues be included?\n\nIt depends. At the Downing Street press conference where he unveiled the plan, Boris Johnson was asked if the domestic passport scheme could be extended to people going to pubs. Johnson said he did not want to “get to the situation where people are asked to provide papers to go anywhere”, but did not completely rule it out. They are deemed appropriate for settings with the three Cs – “closed spaces, crowded places and close-contact settings” – the press conference was told.\n\nWhat will the reaction be?\n\nTwo main groups are likely to be concerned, with some crossover. One will be rights organisations. In April, when the idea was first being considered, the Equality and Human Rights Commission said internal Covid passports risked creating a “two-tier society”, although this was at a period when a much lower percentage of people had received jabs. The other group will be Conservative MPs from the more lockdown-sceptic wing of the party, notably the Covid Recovery Group. When news of the scheme emerged, Steve Baker, deputy chair of the group, re-sent a tweet in which he warned that ministers “must not restrict basic freedoms only to restore them to some”. David Davis said it was “astonishing” that the rules excluded test status. The Liberal Democrats, meanwhile, called the plan “unworkable, expensive and divisive”.\n\nWhat about other new Covid rules?\n\nThere will be another immediate change to allow workers in a small number of critical professions, such as health and care staff, to avoid having to self-isolate if they have been in close contact with someone who tested positive for Covid, as long as they record negative tests. This will include professions such as air traffic control, transport staff, border officials and people involved in supplying food, water, electricity and medicines.","Article Link":"http://www.theguardian.com/world/2021/jul/19/how-will-englands-domestic-covid-vaccine-passports-work"}}
